{"cameraMode":{"drawMode":0,"name":"Shaded","section":"Shading Mode"},"sceneLighting":true,"audioPlay":false,"sceneViewState":{"showFog":true,"showMaterialUpdate":false,"showSkybox":true,"showFlares":true,"showImageEffects":true,"showParticleSystems":true},"in2DMode":false,"pivot":{"x":-6.636946201324463,"y":-0.3636300563812256,"z":-2.55861234664917},"rotation":{"x":0.1145806685090065,"y":-0.7411171793937683,"z":0.13095799088478089,"w":0.6484335064888},"size":9.779452323913575,"orthographic":false}