{"cameraMode":{"drawMode":0,"name":"Shaded","section":"Shading Mode"},"sceneLighting":true,"audioPlay":false,"sceneViewState":{"showFog":true,"showMaterialUpdate":false,"showSkybox":true,"showFlares":true,"showImageEffects":true,"showParticleSystems":true},"in2DMode":false,"pivot":{"x":5.480000019073486,"y":1.4232795238494874,"z":-4.300848007202148},"rotation":{"x":0.11858135461807251,"y":0.603878915309906,"z":-0.09145162999629975,"w":0.7829297780990601},"size":2.7464098930358888,"orthographic":false}