{"cameraMode":{"drawMode":0,"name":"Shaded","section":"Shading Mode"},"sceneLighting":true,"audioPlay":false,"sceneViewState":{"showFog":true,"showMaterialUpdate":false,"showSkybox":true,"showFlares":true,"showImageEffects":true,"showParticleSystems":true},"in2DMode":false,"pivot":{"x":0.04161405563354492,"y":2.5560412406921388,"z":17.904315948486329},"rotation":{"x":-0.06127670407295227,"y":0.8140747547149658,"z":-0.08724543452262879,"w":-0.5710254311561585},"size":5.911993026733398,"orthographic":false}