{"cameraMode":{"drawMode":0,"name":"Shaded","section":"Shading Mode"},"sceneLighting":true,"audioPlay":false,"sceneViewState":{"showFog":true,"showMaterialUpdate":false,"showSkybox":true,"showFlares":true,"showImageEffects":true,"showParticleSystems":true},"in2DMode":false,"pivot":{"x":5.480000019073486,"y":1.8300000429153443,"z":-3.9900002479553224},"rotation":{"x":0.11713302880525589,"y":0.7996411919593811,"z":-0.1656702607870102,"w":0.5652087926864624},"size":1.2132704257965088,"orthographic":false}