{"cameraMode":{"drawMode":0,"name":"Shaded","section":"Shading Mode"},"sceneLighting":true,"audioPlay":false,"sceneViewState":{"showFog":true,"showMaterialUpdate":false,"showSkybox":true,"showFlares":true,"showImageEffects":true,"showParticleSystems":true},"in2DMode":false,"pivot":{"x":5.480000019073486,"y":0.9749998450279236,"z":-3.9900002479553224},"rotation":{"x":-0.020487142726778985,"y":0.920305609703064,"z":-0.048647549003362659,"w":-0.3876897692680359},"size":3.013270139694214,"orthographic":false}