{"cameraMode":{"drawMode":0,"name":"Shaded","section":"Shading Mode"},"sceneLighting":true,"audioPlay":false,"sceneViewState":{"showFog":true,"showMaterialUpdate":false,"showSkybox":true,"showFlares":true,"showImageEffects":true,"showParticleSystems":true},"in2DMode":false,"pivot":{"x":12.644577980041504,"y":-0.24405479431152345,"z":-0.0063228607177734379},"rotation":{"x":0.06707200407981873,"y":0.8729987740516663,"z":-0.12553265690803529,"w":0.46654731035232546},"size":9.32994556427002,"orthographic":false}