{"cameraMode":{"drawMode":0,"name":"Shaded","section":"Shading Mode"},"sceneLighting":true,"audioPlay":false,"sceneViewState":{"showFog":true,"showMaterialUpdate":false,"showSkybox":true,"showFlares":true,"showImageEffects":true,"showParticleSystems":true},"in2DMode":false,"pivot":{"x":0.04161405563354492,"y":2.5560412406921388,"z":17.904315948486329},"rotation":{"x":-0.07246855646371842,"y":0.9223946928977966,"z":-0.3147055208683014,"w":-0.21226289868354798},"size":9.687339782714844,"orthographic":false}